<OFX_REMOTE_UI>
	<OFX_REMOTE_UI_V>2</OFX_REMOTE_UI_V>
	<OFX_REMOTE_UI_PARAMS>
		<P name="Floats" type="group"/>
		<!-- # Floats ############################ -->
		<P name="Float-0" type="float">640.394</P>
		<!--                                                                                 -->
		<!-- ############################## DISABLED PARAMS ################################# -->
		<!--                                                                                 -->
		<P disabled="1" name="Float-3" type="float">275.862</P>
	</OFX_REMOTE_UI_PARAMS>
	<OFX_REMOTE_UI_SERVER_PORT>18305</OFX_REMOTE_UI_SERVER_PORT>
	<OFX_REMOTE_UI_SERVER_ENABLED>1</OFX_REMOTE_UI_SERVER_ENABLED>
</OFX_REMOTE_UI>
