
{
	"edges" : 
	[
		
		{
			"from" : 4,
			"in" : "o",
			"out" : "o",
			"to" : 1
		},
		
		{
			"from" : 0,
			"in" : "o",
			"out" : "o",
			"to" : 2
		},
		
		{
			"from" : 5,
			"in" : "f0",
			"out" : "f",
			"to" : 4
		},
		
		{
			"from" : 5,
			"in" : "f1",
			"out" : "f",
			"to" : 4
		},
		
		{
			"from" : 2,
			"in" : "f2",
			"out" : "f3",
			"to" : 4
		},
		
		{
			"from" : 6,
			"in" : "i",
			"out" : "i",
			"to" : 5
		}
	],
	"nodes" : 
	[
		
		{
			"opdata" : 
			{
				"oscPort" : ""
			},
			"posx" : 30.0,
			"posy" : 199.0,
			"type" : "oscPortIn",
			"uid" : 0
		},
		
		{
			"opdata" : true,
			"posx" : 958.0,
			"posy" : 551.0,
			"type" : "oscPortOut",
			"uid" : 1
		},
		
		{
			"opdata" : 
			{
				"oscExpand" : "armTracker"
			},
			"posx" : 267.0,
			"posy" : 221.0,
			"type" : "oscExpand",
			"uid" : 2
		},
		
		{
			"opdata" : 
			{
				"mapFloat_sourceMax" : 200.0,
				"mapFloat_sourceMin" : -100.0,
				"mapFloat_targetMax" : 200.0,
				"mapFloat_targetMin" : -100.0
			},
			"posx" : 417.0,
			"posy" : 39.0,
			"type" : "mapFloats",
			"uid" : 3
		},
		
		{
			"opdata" : 
			{
				"oscCombine_address" : "/mouth",
				"oscCombine_inports" : 3,
				"oscCombine_input0" : "f0",
				"oscCombine_input1" : "f1",
				"oscCombine_input2" : "f2"
			},
			"posx" : 683.0,
			"posy" : 427.0,
			"type" : "oscCombine",
			"uid" : 4
		},
		
		{
			"opdata" : true,
			"posx" : 400.0,
			"posy" : 591.0,
			"type" : "int8ToFloat",
			"uid" : 5
		},
		
		{
			"opdata" : 
			{
				"intInputname" : "0"
			},
			"posx" : 229.0,
			"posy" : 633.0,
			"type" : "input_int",
			"uid" : 6
		}
	]
}
