<OFX_REMOTE_UI>
	<OFX_REMOTE_UI_V>2</OFX_REMOTE_UI_V>
	<OFX_REMOTE_UI_PARAMS>
		<P name="defaultGroup" type="group"/>
		<!-- # defaultGroup ############################ -->
		<P name="Float-3" type="float">0</P>
		<!--                                                                                 -->
		<!-- ############################## DISABLED PARAMS ################################# -->
		<!--                                                                                 -->
		<P disabled="1" name="Float-0" type="float">807.882</P>
		<P disabled="1" name="Float-4" type="float">0</P>
	</OFX_REMOTE_UI_PARAMS>
	<OFX_REMOTE_UI_SERVER_PORT>18305</OFX_REMOTE_UI_SERVER_PORT>
	<OFX_REMOTE_UI_SERVER_ENABLED>1</OFX_REMOTE_UI_SERVER_ENABLED>
</OFX_REMOTE_UI>
