<keyframes>
    <key>
        <easefunc>0</easefunc>
        <easetype>0</easetype>
        <time>00:00:06:450</time>
        <value>0.875000000</value>
    </key>
    <key>
        <easefunc>0</easefunc>
        <easetype>0</easetype>
        <time>00:00:12:750</time>
        <value>0.425000012</value>
    </key>
    <key>
        <easefunc>0</easefunc>
        <easetype>0</easetype>
        <time>00:00:17:624</time>
        <value>0.824999988</value>
    </key>
    <key>
        <easefunc>0</easefunc>
        <easetype>0</easetype>
        <time>00:00:21:675</time>
        <value>0.100000001</value>
    </key>
    <key>
        <easefunc>0</easefunc>
        <easetype>0</easetype>
        <time>00:00:24:001</time>
        <value>1.000000000</value>
    </key>
    <key>
        <easefunc>0</easefunc>
        <easetype>0</easetype>
        <time>00:00:26:999</time>
        <value>0.000000000</value>
    </key>
    <key>
        <easefunc>0</easefunc>
        <easetype>0</easetype>
        <time>00:00:29:250</time>
        <value>1.000000000</value>
    </key>
    <key>
        <easefunc>0</easefunc>
        <easetype>0</easetype>
        <time>00:00:34:351</time>
        <value>0.000000000</value>
    </key>
    <key>
        <easefunc>0</easefunc>
        <easetype>0</easetype>
        <time>00:00:35:699</time>
        <value>1.000000000</value>
    </key>
    <key>
        <easefunc>0</easefunc>
        <easetype>0</easetype>
        <time>00:00:39:149</time>
        <value>0.949999988</value>
    </key>
    <key>
        <easefunc>10</easefunc>
        <easetype>0</easetype>
        <time>00:00:41:999</time>
        <value>0.000000000</value>
    </key>
    <key>
        <easefunc>0</easefunc>
        <easetype>0</easetype>
        <time>00:00:44:624</time>
        <value>1.000000000</value>
    </key>
    <key>
        <easefunc>0</easefunc>
        <easetype>0</easetype>
        <time>00:00:55:874</time>
        <value>0.425000012</value>
    </key>
</keyframes>
